<resources>
    <string name="app_name">Assignment01_36266</string>

    <string name="zero">0</string>
    <string name="one">1</string>
    <string name="two">2</string>
    <string name="three">3</string>
    <string name="four">4</string>
    <string name="five">5</string>
    <string name="six">6</string>
    <string name="seven">7</string>
    <string name="eight">8</string>
    <string name="nine">9</string>
    <string name="delete">back</string>
    <string name="clear">C</string>
    <string name="clearentry">CE</string>
    <string name="plus">+</string>
    <string name="minus">-</string>
    <string name="multiply">x</string>
    <string name="divide">/</string>
    <string name="equals">=</string>
    <string name="exponent">^</string>
    <string name="parentheses">( )</string>
    <string name="koma">,</string>
    <string name="plusMinus">+/-</string>

    <string name="display">0</string>

</resources>